lag_days,corr
0,0.013813570824177526
1,0.01276559897069698
2,0.010105458082620344
3,-0.0009967670846736832
4,-0.007859207043558495
5,0.003266459984296273
